1,BUFFALO,2022-01-01,0,Grains Mix 1,Cow001,ForageItem1,74,79.70,3.20,74.80,8.20,59.20
2,Cow,2022-01-02,1,Grains Mix 2,Cow002,ForageItem2,17,58.80,6.70,30.10,7.80,66.50
3,Cow,2022-01-03,0,Grains Mix 3,Cow003,ForageItem3,76,80.80,0.40,70.70,8.50,10.30
4,Cow,2022-01-04,1,Grains Mix 4,Cow004,ForageItem4,96,95.80,4.10,60.60,5.00,87.30
5,Cow,2022-01-05,0,Grains Mix 5,Cow005,ForageItem5,35,38.90,0.50,20.40,6.50,40.20
6,Cow,2022-01-06,1,Grains Mix 6,Cow006,ForageItem6,23,25.40,8.50,74.80,7.90,75.60
7,Cow,2022-01-07,0,Grains Mix 7,Cow007,ForageItem7,7,28.40,6.20,85.40,9.40,26.50
8,Cow,2022-01-08,1,Grains Mix 8,Cow008,ForageItem8,26,33.80,5.00,14.10,5.20,26.40
9,Cow,2022-01-09,0,Grains Mix 9,Cow009,ForageItem9,78,15.40,3.00,19.30,4.20,20.60
10,Cow,2022-01-10,1,Grains Mix 10,Cow010,ForageItem10,50,14.00,1.00,37.50,5.40,95.40
11,Cow,2022-01-11,0,Grains Mix 11,Cow011,ForageItem11,62,47.00,8.20,95.10,1.60,33.70
12,Cow,2022-01-12,1,Grains Mix 12,Cow012,ForageItem12,42,5.70,1.40,45.60,1.20,19.50
13,Cow,2022-01-13,0,Grains Mix 13,Cow013,ForageItem13,2,81.80,8.00,84.00,8.80,88.70
14,Cow,2022-01-14,1,Grains Mix 14,Cow014,ForageItem14,99,12.90,5.70,92.80,4.90,23.40
15,Cow,2022-01-15,0,Grains Mix 15,Cow015,ForageItem15,40,1.50,5.80,51.70,1.70,94.50
16,Cow,2022-01-16,1,Grains Mix 16,Cow016,ForageItem16,79,43.90,0.80,68.10,6.10,61.60
17,Cow,2022-01-17,0,Grains Mix 17,Cow017,ForageItem17,67,33.10,9.10,29.30,3.90,89.70
18,Cow,2022-01-18,1,Grains Mix 18,Cow018,ForageItem18,63,27.20,9.10,33.50,6.00,56.20
19,Cow,2022-01-19,0,Grains Mix 19,Cow019,ForageItem19,98,48.20,7.50,23.70,4.50,22.20
20,Cow,2022-01-20,1,Grains Mix 20,Cow020,ForageItem20,24,78.40,9.50,60.60,2.40,57.10
21,Sheep,2022-01-21,0,Grains Mix 21,Cow021,ForageItem21,62,31.10,1.60,39.40,2.50,17.80
22,Sheep,2022-01-22,1,Grains Mix 22,Cow022,ForageItem22,42,36.10,1.20,35.50,2.80,99.40
23,Sheep,2022-01-23,0,Grains Mix 23,Cow023,ForageItem23,47,54.60,4.00,49.90,7.40,17.80
24,Sheep,2022-01-24,1,Grains Mix 24,Cow024,ForageItem24,46,63.30,9.30,54.10,4.80,57.90
25,Sheep,2022-01-25,0,Grains Mix 25,Cow025,ForageItem25,33,41.40,6.30,97.30,4.10,16.40
26,Sheep,2022-01-26,1,Grains Mix 26,Cow026,ForageItem26,15,82.20,2.90,63.50,6.20,26.70
27,Sheep,2022-01-27,0,Grains Mix 27,Cow027,ForageItem27,37,60.00,7.50,29.70,9.70,22.50
28,Sheep,2022-01-28,1,Grains Mix 28,Cow028,ForageItem28,40,22.80,0.50,92.00,5.30,94.00
29,Sheep,2022-01-29,0,Grains Mix 29,Cow029,ForageItem29,51,5.20,8.70,64.50,1.30,95.40
30,Sheep,2022-01-30,1,Grains Mix 30,Cow030,ForageItem30,33,98.30,0.20,68.80,6.10,51.20
31,Sheep,2022-01-31,0,Grains Mix 31,Cow031,ForageItem31,7,76.80,6.00,15.20,10.00,54.70
32,Sheep,2022-02-01,1,Grains Mix 32,Cow032,ForageItem32,38,24.30,7.60,37.20,9.80,34.40
33,Sheep,2022-02-02,0,Grains Mix 33,Cow033,ForageItem33,17,26.00,1.80,37.20,6.50,23.00
34,Sheep,2022-02-03,1,Grains Mix 34,Cow034,ForageItem34,93,58.20,2.90,26.50,7.20,83.00
35,Sheep,2022-02-04,0,Grains Mix 35,Cow035,ForageItem35,82,85.80,5.50,60.30,4.90,81.50
36,Sheep,2022-02-05,1,Grains Mix 36,Cow036,ForageItem36,86,25.00,8.60,86.20,2.30,46.70
37,Sheep,2022-02-06,0,Grains Mix 37,Cow037,ForageItem37,88,6.50,5.90,79.90,8.20,62.70
38,Sheep,2022-02-07,1,Grains Mix 38,Cow038,ForageItem38,43,84.60,2.80,12.20,1.20,35.70
39,Sheep,2022-02-08,0,Grains Mix 39,Cow039,ForageItem39,36,1.70,2.50,26.70,2.20,15.40
40,Sheep,2022-02-09,1,Grains Mix 40,Cow040,ForageItem40,40,42.00,0.20,37.00,9.30,92.10
41,Sheep,2022-02-10,0,Grains Mix 41,Cow041,ForageItem41,49,81.70,6.60,30.70,8.30,62.40
42,Sheep,2022-02-11,1,Grains Mix 42,Cow042,ForageItem42,61,51.20,1.30,98.80,3.50,43.70
43,Sheep,2022-02-12,0,Grains Mix 43,Cow043,ForageItem43,98,98.50,9.20,14.60,5.30,58.10
44,Sheep,2022-02-13,1,Grains Mix 44,Cow044,ForageItem44,48,63.80,4.10,42.40,4.90,59.90
45,Sheep,2022-02-14,0,Grains Mix 45,Cow045,ForageItem45,66,75.20,7.20,63.30,5.60,61.50
46,Sheep,2022-02-15,1,Grains Mix 46,Cow046,ForageItem46,83,84.30,8.40,20.60,3.60,89.10
47,Sheep,2022-02-16,0,Grains Mix 47,Cow047,ForageItem47,7,87.20,4.40,54.50,8.00,13.60
48,Sheep,2022-02-17,1,Grains Mix 48,Cow048,ForageItem48,5,90.20,3.40,26.50,3.40,95.00
49,Sheep,2022-02-18,0,Grains Mix 49,Cow049,ForageItem49,31,26.90,8.20,18.20,1.00,10.70
50,Sheep,2022-02-19,1,Grains Mix 50,Cow050,ForageItem50,38,99.40,5.00,88.20,6.10,14.10
51,Sheep,2022-02-20,0,Grains Mix 51,Cow051,ForageItem51,43,31.10,6.80,47.70,9.90,64.20
52,Sheep,2022-02-21,1,Grains Mix 52,Cow052,ForageItem52,54,92.80,0.20,33.90,8.10,87.40
53,Sheep,2022-02-22,0,Grains Mix 53,Cow053,ForageItem53,8,71.20,3.50,67.00,2.30,42.40
54,Sheep,2022-02-23,1,Grains Mix 54,Cow054,ForageItem54,97,1.30,6.60,29.50,3.00,36.60
55,Sheep,2022-02-24,0,Grains Mix 55,Cow055,ForageItem55,6,14.50,1.80,51.90,6.80,69.90
56,Sheep,2022-02-25,1,Grains Mix 56,Cow056,ForageItem56,4,35.70,5.60,15.30,5.60,45.20
57,Sheep,2022-02-26,0,Grains Mix 57,Cow057,ForageItem57,2,84.20,5.20,66.90,4.00,65.20
58,Sheep,2022-02-27,1,Grains Mix 58,Cow058,ForageItem58,59,3.20,2.10,45.20,1.90,63.40
59,Sheep,2022-02-28,0,Grains Mix 59,Cow059,ForageItem59,17,34.10,3.10,23.90,8.00,81.50
60,Sheep,2022-03-01,1,Grains Mix 60,Cow060,ForageItem60,75,15.70,1.30,12.10,6.20,98.10
61,Sheep,2022-03-02,0,Grains Mix 61,Cow061,ForageItem61,36,1.20,1.90,40.30,3.00,19.80
62,Sheep,2022-03-03,1,Grains Mix 62,Cow062,ForageItem62,60,90.70,4.50,67.40,3.80,33.30
63,Sheep,2022-03-04,0,Grains Mix 63,Cow063,ForageItem63,41,15.90,7.30,40.50,8.70,75.40
64,Sheep,2022-03-05,1,Grains Mix 64,Cow064,ForageItem64,16,30.70,7.90,26.90,1.90,37.30
65,Sheep,2022-03-06,0,Grains Mix 65,Cow065,ForageItem65,21,7.60,4.70,49.20,3.50,56.40
66,Sheep,2022-03-07,1,Grains Mix 66,Cow066,ForageItem66,2,49.70,3.50,70.00,7.90,33.70
67,Sheep,2022-03-08,0,Grains Mix 67,Cow067,ForageItem67,95,73.50,6.40,88.30,1.30,89.40
68,Sheep,2022-03-09,1,Grains Mix 68,Cow068,ForageItem68,58,2.90,5.40,51.10,7.70,77.00
69,Sheep,2022-03-10,0,Grains Mix 69,Cow069,ForageItem69,75,99.90,1.60,29.40,4.50,31.00
70,Sheep,2022-03-11,1,Grains Mix 70,Cow070,ForageItem70,98,44.10,3.60,56.90,9.30,52.70
71,Sheep,2022-03-12,0,Grains Mix 71,Cow071,ForageItem71,46,69.70,7.60,11.70,5.20,28.30
72,Sheep,2022-03-13,1,Grains Mix 72,Cow072,ForageItem72,16,68.10,4.20,49.00,3.20,21.00
73,Sheep,2022-03-14,0,Grains Mix 73,Cow073,ForageItem73,55,5.20,7.30,69.00,9.50,40.50
74,Sheep,2022-03-15,1,Grains Mix 74,Cow074,ForageItem74,88,51.50,2.10,86.90,2.40,50.20
75,Sheep,2022-03-16,0,Grains Mix 75,Cow075,ForageItem75,74,47.00,9.90,16.10,3.10,56.50
76,Sheep,2022-03-17,1,Grains Mix 76,Cow076,ForageItem76,60,43.30,9.50,76.70,5.60,19.20
77,Sheep,2022-03-18,0,Grains Mix 77,Cow077,ForageItem77,8,36.50,8.00,89.30,6.20,10.80
78,Sheep,2022-03-19,1,Grains Mix 78,Cow078,ForageItem78,13,8.10,6.90,95.00,8.10,38.90
79,Sheep,2022-03-20,0,Grains Mix 79,Cow079,ForageItem79,69,96.70,7.30,49.90,9.20,38.60
80,Sheep,2022-03-21,1,Grains Mix 80,Cow080,ForageItem80,11,92.70,3.70,66.20,4.90,85.00
81,Goat,2022-03-22,0,Grains Mix 81,Cow081,ForageItem81,31,53.10,5.70,58.40,1.00,74.50
82,Goat,2022-03-23,1,Grains Mix 82,Cow082,ForageItem82,69,45.00,7.40,16.60,8.00,16.50
83,Goat,2022-03-24,0,Grains Mix 83,Cow083,ForageItem83,28,4.90,3.80,46.20,4.10,40.50
84,Goat,2022-03-25,1,Grains Mix 84,Cow084,ForageItem84,80,41.70,1.20,26.20,7.20,70.10
85,Goat,2022-03-26,0,Grains Mix 85,Cow085,ForageItem85,74,99.50,4.80,19.40,4.10,74.70
86,Goat,2022-03-27,1,Grains Mix 86,Cow086,ForageItem86,18,47.60,3.40,78.20,3.30,53.30
87,Goat,2022-03-28,0,Grains Mix 87,Cow087,ForageItem87,76,18.60,9.60,50.00,1.20,21.20
88,Goat,2022-03-29,1,Grains Mix 88,Cow088,ForageItem88,85,35.90,7.60,46.40,3.20,85.70
89,Goat,2022-03-30,0,Grains Mix 89,Cow089,ForageItem89,48,47.20,3.20,83.70,3.20,14.00
90,Goat,2022-03-31,1,Grains Mix 90,Cow090,ForageItem90,85,8.50,2.40,39.10,2.20,47.80
91,Goat,2022-04-01,0,Grains Mix 91,Cow091,ForageItem91,93,1.50,2.40,20.60,5.20,88.80
92,Goat,2022-04-02,1,Grains Mix 92,Cow092,ForageItem92,13,61.40,10.00,89.00,6.40,56.30
93,Goat,2022-04-03,0,Grains Mix 93,Cow093,ForageItem93,61,90.20,3.80,38.50,9.90,63.90
94,Goat,2022-04-04,1,Grains Mix 94,Cow094,ForageItem94,61,88.40,8.50,28.00,5.00,72.70
95,Goat,2022-04-05,0,Grains Mix 95,Cow095,ForageItem95,10,20.60,6.00,46.50,7.00,35.20
96,Goat,2022-04-06,1,Grains Mix 96,Cow096,ForageItem96,54,63.80,8.90,90.60,3.10,81.20
97,Goat,2022-04-07,0,Grains Mix 97,Cow097,ForageItem97,1,62.10,1.40,77.60,3.20,21.10
98,Goat,2022-04-08,1,Grains Mix 98,Cow098,ForageItem98,33,82.20,8.80,64.40,9.70,61.10
99,Goat,2022-04-09,0,Grains Mix 99,Cow099,ForageItem99,47,66.20,8.30,65.20,1.80,41.00
100,Goat,2022-04-10,1,Grains Mix 100,Cow100,ForageItem100,98,60.40,7.40,71.70,3.10,15.50
101,Buffalo,2022-04-11,0,Grains Mix 101,Sheep101,ForageItem101,62,81.00,7.40,45.70,1.70,63.10
102,Buffalo,2022-04-12,1,Grains Mix 102,Sheep102,ForageItem102,7,98.30,8.00,65.60,2.50,11.50
103,Buffalo,2022-04-13,0,Grains Mix 103,Sheep103,ForageItem103,11,58.10,6.20,23.60,1.40,19.00
104,Buffalo,2022-04-14,1,Grains Mix 104,Sheep104,ForageItem104,63,44.50,9.80,66.60,9.00,56.30
105,Buffalo,2022-04-15,0,Grains Mix 105,Sheep105,ForageItem105,7,5.90,2.50,65.60,1.20,86.90
106,Buffalo,2022-04-16,1,Grains Mix 106,Sheep106,ForageItem106,3,100.00,8.30,85.70,1.60,16.10
107,Buffalo,2022-04-17,0,Grains Mix 107,Sheep107,ForageItem107,59,31.10,5.80,65.40,3.10,18.70
108,Buffalo,2022-04-18,1,Grains Mix 108,Sheep108,ForageItem108,32,99.70,8.90,88.80,4.10,12.30
109,Buffalo,2022-04-19,0,Grains Mix 109,Sheep109,ForageItem109,10,41.80,5.70,47.50,4.00,34.70
110,Buffalo,2022-04-20,1,Grains Mix 110,Sheep110,ForageItem110,6,51.10,0.90,93.60,6.10,32.00
111,Buffalo,2022-07-11,0,Grains Mix 111,Sheep111,ForageItem111,14,59.40,3.00,50.80,7.10,60.50
112,Buffalo,2022-07-12,1,Grains Mix 112,Sheep112,ForageItem112,47,30.00,0.10,87.20,9.10,76.60
113,Buffalo,2022-07-13,0,Grains Mix 113,Sheep113,ForageItem113,61,42.70,8.70,31.10,5.20,44.10
114,Buffalo,2022-07-14,1,Grains Mix 114,Sheep114,ForageItem114,37,58.00,9.40,27.30,9.50,81.40
115,Buffalo,2022-07-15,0,Grains Mix 115,Sheep115,ForageItem115,44,24.50,4.40,43.40,7.90,95.00
116,Buffalo,2022-07-16,1,Grains Mix 116,Sheep116,ForageItem116,11,11.50,7.80,75.10,4.60,33.10
117,Buffalo,2022-07-17,0,Grains Mix 117,Sheep117,ForageItem117,11,11.90,6.70,72.10,6.40,26.70
118,Buffalo,2022-07-18,1,Grains Mix 118,Sheep118,ForageItem118,35,50.60,6.20,70.70,1.20,62.30
119,Buffalo,2022-07-19,0,Grains Mix 119,Sheep119,ForageItem119,3,35.10,3.20,29.60,9.40,64.90
120,Buffalo,2022-07-20,1,Grains Mix 120,Sheep120,ForageItem120,3,34.60,7.20,46.70,7.50,27.10
121,Buffalo,2022-07-21,0,Grains Mix 121,Sheep121,ForageItem121,10,91.60,9.80,83.50,2.80,53.90
122,Buffalo,2022-07-22,1,Grains Mix 122,Sheep122,ForageItem122,62,35.90,6.40,22.10,2.70,28.10
123,Buffalo,2022-07-23,0,Grains Mix 123,Sheep123,ForageItem123,78,75.60,6.10,43.00,1.40,22.20
124,Buffalo,2022-07-24,1,Grains Mix 124,Sheep124,ForageItem124,7,64.40,1.80,14.70,8.10,67.70
125,Buffalo,2022-07-25,0,Grains Mix 125,Sheep125,ForageItem125,14,17.00,0.70,26.10,4.30,48.80
126,Buffalo,2022-07-26,1,Grains Mix 126,Sheep126,ForageItem126,65,93.70,5.30,41.50,2.70,72.60
127,Buffalo,2022-07-27,0,Grains Mix 127,Sheep127,ForageItem127,24,16.30,0.10,98.00,2.80,67.90
128,Buffalo,2022-07-28,1,Grains Mix 128,Sheep128,ForageItem128,42,21.90,9.90,44.80,10.00,10.00
129,Buffalo,2022-07-29,0,Grains Mix 129,Sheep129,ForageItem129,6,30.60,1.10,20.40,9.20,91.50
130,Buffalo,2022-07-30,1,Grains Mix 130,Sheep130,ForageItem130,64,94.40,2.50,84.80,7.20,77.60
131,Sheep,2022-05-11,1,Grains Mix 131,Sheep131,ForageItem131,47,5.40,6.90,17.10,8.90,79.50
132,Sheep,2022-05-12,0,Grains Mix 132,Sheep132,ForageItem132,70,31.10,3.10,61.70,6.00,98.10
133,Sheep,2022-05-13,1,Grains Mix 133,Sheep133,ForageItem133,100,26.70,2.90,26.60,3.90,52.20
134,Sheep,2022-05-14,0,Grains Mix 134,Sheep134,ForageItem134,90,87.10,6.90,71.30,4.40,31.40
135,Sheep,2022-05-15,1,Grains Mix 135,Sheep135,ForageItem135,65,75.00,8.70,48.30,4.30,90.40
136,Sheep,2022-05-16,0,Grains Mix 136,Sheep136,ForageItem136,54,71.40,8.30,76.60,5.60,15.90
137,Sheep,2022-05-17,1,Grains Mix 137,Sheep137,ForageItem137,33,63.10,5.90,63.30,4.10,99.10
138,Sheep,2022-05-18,0,Grains Mix 138,Sheep138,ForageItem138,47,5.40,9.50,37.60,8.40,57.00
139,Sheep,2022-05-19,1,Grains Mix 139,Sheep139,ForageItem139,88,81.50,2.70,88.30,4.60,43.70
140,Sheep,2022-05-20,0,Grains Mix 140,Sheep140,ForageItem140,14,99.10,7.40,52.40,1.80,78.00
141,Sheep,2022-05-21,1,Grains Mix 141,Sheep141,ForageItem141,21,50.20,8.40,77.20,6.60,24.40
142,Sheep,2022-05-22,0,Grains Mix 142,Sheep142,ForageItem142,81,24.90,0.70,21.80,8.10,91.00
143,Sheep,2022-05-23,1,Grains Mix 143,Sheep143,ForageItem143,56,4.60,0.30,13.60,2.40,70.00
144,Sheep,2022-05-24,0,Grains Mix 144,Sheep144,ForageItem144,21,40.50,5.90,54.90,9.70,17.10
145,Sheep,2022-05-25,1,Grains Mix 145,Sheep145,ForageItem145,63,14.00,0.10,73.90,4.30,62.00
146,Sheep,2022-05-26,0,Grains Mix 146,Sheep146,ForageItem146,85,67.40,8.90,77.20,9.60,84.20
147,Sheep,2022-05-27,1,Grains Mix 147,Sheep147,ForageItem147,79,78.10,9.50,78.90,8.70,15.60
148,Sheep,2022-05-28,0,Grains Mix 148,Sheep148,ForageItem148,58,89.60,9.70,96.80,6.30,26.30
149,Sheep,2022-05-29,1,Grains Mix 149,Sheep149,ForageItem149,87,11.70,5.50,39.30,6.80,76.30
150,Sheep,2022-05-30,0,Grains Mix 150,Sheep150,ForageItem150,60,60.00,0.60,44.10,9.70,27.50
151,Sheep,2022-05-31,1,Grains Mix 151,Sheep151,ForageItem151,88,56.00,3.50,40.30,5.20,12.20
152,Sheep,2022-06-01,0,Grains Mix 152,Sheep152,ForageItem152,94,19.00,7.90,46.80,2.10,34.80
153,Sheep,2022-06-02,1,Grains Mix 153,Sheep153,ForageItem153,62,31.10,4.20,74.70,5.10,28.50
154,Sheep,2022-06-03,0,Grains Mix 154,Sheep154,ForageItem154,14,65.10,6.00,40.30,7.30,25.80
155,Sheep,2022-06-04,1,Grains Mix 155,Sheep155,ForageItem155,36,41.30,8.00,89.40,4.50,97.70
156,Sheep,2022-06-05,0,Grains Mix 156,Sheep156,ForageItem156,79,60.00,6.20,34.60,1.40,24.80
157,Sheep,2022-06-06,1,Grains Mix 157,Sheep157,ForageItem157,98,45.10,9.40,96.40,8.80,24.50
158,Sheep,2022-06-07,0,Grains Mix 158,Sheep158,ForageItem158,82,13.70,8.00,28.70,7.80,23.00
159,Sheep,2022-06-08,1,Grains Mix 159,Sheep159,ForageItem159,100,49.30,7.80,47.50,2.10,97.90
160,Sheep,2022-06-09,0,Grains Mix 160,Sheep160,ForageItem160,75,77.00,7.10,18.50,2.50,75.10
161,Sheep,2022-06-10,1,Grains Mix 161,Sheep161,ForageItem161,95,12.60,2.70,65.40,8.40,81.50
162,Sheep,2022-06-11,0,Grains Mix 162,Sheep162,ForageItem162,10,35.70,0.30,10.90,9.90,34.10
163,Sheep,2022-06-12,1,Grains Mix 163,Sheep163,ForageItem163,43,27.20,5.00,92.20,3.40,16.50
164,Sheep,2022-06-13,0,Grains Mix 164,Sheep164,ForageItem164,15,77.00,8.70,51.80,4.20,38.10
165,Sheep,2022-06-14,1,Grains Mix 165,Sheep165,ForageItem165,71,63.60,1.80,91.90,4.90,29.90
166,Goat,2022-06-15,0,Grains Mix 166,Sheep166,ForageItem166,85,53.20,2.60,23.80,5.90,78.50
167,Goat,2022-06-16,1,Grains Mix 167,Sheep167,ForageItem167,9,32.10,4.50,95.20,2.10,87.10
168,Sheep,2022-06-17,0,Grains Mix 168,Sheep168,ForageItem168,78,34.10,9.00,88.00,8.90,67.40
169,Cow,2022-06-18,1,Grains Mix 169,Sheep169,ForageItem169,6,59.50,2.80,77.20,1.60,97.70
170,Dog,2022-06-19,0,Grains Mix 170,Sheep170,ForageItem170,77,40.40,4.40,52.20,3.90,86.70
171,Cat,2022-06-20,1,Grains Mix 171,Sheep171,ForageItem171,14,71.40,0.10,17.20,3.60,96.50
172,Cow,2022-06-21,1,Grains Mix 172,Sheep172,ForageItem172,43,26.70,6.50,45.80,1.10,93.40
173,Cow,2022-06-22,0,Grains Mix 173,Sheep173,ForageItem173,45,37.50,5.10,17.30,3.70,71.30
174,Cow,2022-06-23,1,Grains Mix 174,Sheep174,ForageItem174,32,19.50,7.10,16.50,5.40,31.20
175,Buffalo,2022-06-24,0,Grains Mix 175,Sheep175,ForageItem175,72,91.50,2.90,32.40,3.80,91.30
176,Buffalo,2022-06-25,1,Grains Mix 176,Sheep176,ForageItem176,73,55.40,6.40,73.90,2.30,36.60
177,Buffalo,2022-06-26,0,Grains Mix 177,Sheep177,ForageItem177,78,7.60,5.00,50.50,4.80,66.80
178,Buffalo,2022-06-27,1,Grains Mix 178,Sheep178,ForageItem178,59,67.40,2.80,34.10,3.40,64.10
179,Bull,2022-06-28,0,Grains Mix 179,Sheep179,ForageItem179,46,43.20,1.20,70.30,1.60,24.80
180,Bull,2022-06-29,1,Grains Mix 180,Sheep180,ForageItem180,5,40.90,5.40,23.60,7.40,34.60
181,Bull,2022-06-30,0,Grains Mix 181,Sheep181,ForageItem181,95,63.70,9.60,41.00,2.30,41.00
182,Bull,2022-07-01,1,Grains Mix 182,Sheep182,ForageItem182,33,60.90,8.10,86.60,2.70,45.00
183,Cow,2022-07-02,0,Grains Mix 183,Sheep183,ForageItem183,49,28.30,0.30,88.40,1.60,55.00
184,Cow,2022-07-03,1,Grains Mix 184,Sheep184,ForageItem184,91,10.90,8.30,62.50,6.30,58.20
185,Cow,2022-07-04,0,Grains Mix 185,Sheep185,ForageItem185,3,73.80,7.90,50.90,4.40,65.50
186,Cow,2022-07-05,1,Grains Mix 186,Sheep186,ForageItem186,38,55.60,8.20,58.80,5.90,51.70
187,Buffalo,2022-07-06,0,Grains Mix 187,Sheep187,ForageItem187,64,60.20,7.70,45.30,4.80,16.90
188,Buffalo,2022-07-07,1,Grains Mix 188,Sheep188,ForageItem188,79,53.70,3.80,74.40,7.30,54.80
189,Buffalo,2022-07-08,0,Grains Mix 189,Sheep189,ForageItem189,97,29.10,0.90,48.40,4.20,93.10
190,Buffalo,2022-07-09,1,Grains Mix 190,Sheep190,ForageItem190,55,2.10,7.70,69.90,9.70,67.80
191,Bull,2022-07-10,0,Grains Mix 191,Sheep191,ForageItem191,58,10.10,3.10,36.00,8.50,93.90
192,Bull,2022-07-11,1,Grains Mix 192,Sheep192,ForageItem192,75,29.10,3.00,50.80,7.10,60.50
193,Bull,2022-07-12,0,Grains Mix 193,Sheep193,ForageItem193,79,25.30,0.10,87.20,9.10,76.60
194,Bull,2022-07-13,1,Grains Mix 194,Sheep194,ForageItem194,33,45.60,8.70,31.10,5.20,44.10
195,Cow,2022-07-14,0,Grains Mix 195,Sheep195,ForageItem195,96,63.20,9.40,27.30,9.50,81.40
196,Cow,2022-07-15,1,Grains Mix 196,Sheep196,ForageItem196,85,63.50,4.40,43.40,7.90,95.00
197,Cow,2022-07-16,0,Grains Mix 197,Sheep197,ForageItem197,56,11.80,7.80,75.10,4.60,33.10
198,Cow,2022-07-17,1,Grains Mix 198,Sheep198,ForageItem198,13,32.70,6.70,72.10,6.40,26.70
199,Buffalo,2022-07-18,0,Grains Mix 199,Sheep199,ForageItem199,87,27.10,6.20,70.70,1.20,62.30
200,Buffalo,2022-07-19,1,Grains Mix 200,Sheep200,ForageItem200,79,82.30,3.20,29.60,9.40,64.90
201,Buffalo,2022-07-20,0,Grains Mix 201,Bull301,ForageItem201,100,24.80,7.20,46.70,7.50,27.10
202,Buffalo,2022-07-21,1,Grains Mix 202,Bull302,ForageItem202,5,19.20,9.80,83.50,2.80,53.90
203,Bull,2022-07-22,0,Grains Mix 203,Bull303,ForageItem203,22,77.10,6.40,22.10,2.70,28.10
204,Bull,2022-07-23,1,Grains Mix 204,Bull304,ForageItem204,15,74.40,6.10,43.00,1.40,22.20
205,Bull,2022-07-24,0,Grains Mix 205,Bull305,ForageItem205,58,58.10,1.80,14.70,8.10,67.70
206,Bull,2022-07-25,1,Grains Mix 206,Bull306,ForageItem206,13,17.90,0.70,26.10,4.30,48.80
207,Cow,2022-07-27,1,Grains Mix 207,Bull307,ForageItem207,29,19.90,0.10,98.00,2.80,67.90
208,Cow,2022-07-28,0,Grains Mix 208,Bull308,ForageItem208,81,52.00,9.90,44.80,10.00,10.00
209,Cow,2022-07-29,1,Grains Mix 209,Bull309,ForageItem209,4,41.70,1.10,20.40,9.20,91.50
210,Cow,2022-07-30,0,Grains Mix 210,Bull310,ForageItem210,3,98.20,2.50,84.80,7.20,77.60
211,Cow,2022-07-31,1,Grains Mix 211,Bull311,ForageItem211,65,66.80,2.30,68.10,3.00,89.50
212,Cow,2022-08-01,0,Grains Mix 212,Bull312,ForageItem212,31,59.60,2.20,41.30,6.10,25.30
213,Cow,2022-08-02,1,Grains Mix 213,Bull313,ForageItem213,91,50.20,9.00,11.10,2.70,24.60
214,Cow,2022-08-03,0,Grains Mix 214,Bull314,ForageItem214,24,82.60,9.90,16.20,7.50,77.20
215,Cow,2022-08-04,1,Grains Mix 215,Bull315,ForageItem215,47,83.30,8.80,53.00,7.20,17.60
216,Horse,2022-08-04,0,Grains Mix 216,Bull316,ForageItem216,70,70.70,8.80,53.00,7.20,17.60
217,Bird,2022-08-05,1,Grains Mix 217,Bull317,ForageItem217,77,17.20,7.40,91.90,7.30,87.00
218,Rabbit,2022-08-06,0,Grains Mix 218,Bull318,ForageItem218,70,65.10,0.30,35.70,3.60,19.80
219,Fish,2022-08-07,1,Grains Mix 219,Bull319,ForageItem219,29,33.20,9.20,25.30,8.30,95.00
220,Turtle,2022-08-08,0,Grains Mix 220,Bull320,ForageItem220,2,56.80,7.50,22.50,7.80,46.00
221,Dog,2022-08-09,1,Grains Mix 221,Bull321,ForageItem221,3,87.80,2.40,69.80,9.10,20.40
222,Cat,2022-08-10,0,Grains Mix 222,Bull322,ForageItem222,40,40.00,4.00,74.00,3.90,92.10
223,Rabbit,2022-08-11,1,Grains Mix 223,Bull323,ForageItem223,13,86.20,1.30,95.20,2.30,61.10
224,Bird,2022-08-12,0,Grains Mix 224,Bull324,ForageItem224,71,95.70,0.30,96.70,6.10,78.80
225,Fish,2022-08-13,1,Grains Mix 225,Bull325,ForageItem225,1,41.00,1.00,31.50,4.00,68.50
226,Bull,2022-08-15,0,Grains Mix 226,Bull326,ForageItem226,93,82.30,3.30,45.50,1.40,10.70
227,Bull,2022-08-16,1,Grains Mix 227,Bull327,ForageItem227,61,11.40,4.90,20.60,7.40,35.70
228,Bull,2022-08-17,0,Grains Mix 228,Bull328,ForageItem228,51,42.60,0.80,92.00,2.10,45.50
229,Bull,2022-08-18,1,Grains Mix 229,Bull329,ForageItem229,18,4.90,4.90,35.20,8.90,64.60
230,Bull,2022-08-19,0,Grains Mix 230,Bull330,ForageItem230,56,16.00,4.60,43.70,7.80,52.30
231,Bull,2022-08-20,1,Grains Mix 231,Bull331,ForageItem231,22,28.10,1.60,69.50,4.00,16.10
232,Bull,2022-08-21,0,Grains Mix 232,Bull332,ForageItem232,8,71.60,6.50,76.20,7.20,73.40
233,Bull,2022-08-22,1,Grains Mix 233,Bull333,ForageItem233,61,61.10,8.90,84.60,6.10,45.30
234,Bull,2022-08-23,0,Grains Mix 234,Bull334,ForageItem234,77,17.60,0.50,72.70,9.30,88.30
235,Bull,2022-08-24,1,Grains Mix 235,Bull335,ForageItem235,93,65.00,2.80,86.60,3.60,34.20
236,Cow,2022-08-25,0,Grains Mix 236,Bull336,ForageItem236,81,18.90,9.70,97.10,7.50,48.50
237,Cow,2022-08-26,1,Grains Mix 237,Bull337,ForageItem237,37,84.90,2.80,20.00,7.50,52.20
238,Buffalo,2022-08-27,0,Grains Mix 238,Bull338,ForageItem238,26,82.40,1.50,23.60,9.50,24.50
239,Buffalo,2022-08-28,1,Grains Mix 239,Bull339,ForageItem239,46,21.00,6.00,47.70,1.60,19.20
240,Bull,2022-08-29,0,Grains Mix 240,Bull340,ForageItem240,55,51.80,0.80,44.40,2.00,61.80
241,Bull,2022-08-30,1,Grains Mix 241,Bull341,ForageItem241,40,79.50,1.50,61.70,7.40,75.60
242,Buffalo,2022-08-31,0,Grains Mix 242,Bull342,ForageItem242,82,17.60,3.50,72.10,5.10,43.50
243,Buffalo,2022-09-01,1,Grains Mix 243,Bull343,ForageItem243,54,50.80,5.20,89.30,1.70,17.10
244,Bull,2022-09-02,0,Grains Mix 244,Bull344,ForageItem244,54,47.60,7.00,49.40,7.60,82.10
245,Bull,2022-09-03,1,Grains Mix 245,Bull345,ForageItem245,72,91.90,4.80,30.70,4.70,60.40
246,Cow,2022-09-04,0,Grains Mix 246,Bull346,ForageItem246,13,69.00,0.90,58.90,7.00,93.50
247,Cow,2022-09-05,1,Grains Mix 247,Bull347,ForageItem247,57,64.60,0.30,78.80,1.30,39.80
248,Buffalo,2022-09-06,0,Grains Mix 248,Bull348,ForageItem248,19,98.60,8.30,12.50,1.00,27.50
249,Buffalo,2022-09-07,1,Grains Mix 249,Bull349,ForageItem249,43,14.60,5.40,66.20,5.50,80.80
250,Bull,2022-09-08,0,Grains Mix 250,Bull350,ForageItem250,38,3.40,10.00,70.50,9.70,71.90
251,Bull,2022-09-09,1,Grains Mix 251,Calf301,ForageItem251,12,6.60,0.70,88.60,4.00,38.80
252,Cow,2022-09-10,1,Grains Mix 252,Calf302,ForageItem252,61,32.70,6.70,18.80,2.50,69.50
253,Cow,2022-09-11,0,Grains Mix 253,Calf303,ForageItem253,72,6.60,9.30,14.30,4.50,60.50
254,Cow,2022-09-12,1,Grains Mix 254,Calf304,ForageItem254,95,24.30,5.20,70.00,3.90,76.00
255,Cow,2022-09-13,0,Grains Mix 255,Calf305,ForageItem255,47,11.20,4.90,92.10,9.60,24.70
256,Cow,2022-09-14,1,Grains Mix 256,Calf306,ForageItem256,65,75.00,8.20,16.90,4.50,45.10
257,Cow,2022-09-15,0,Grains Mix 257,Calf307,ForageItem257,57,84.90,4.70,53.10,8.10,56.90
258,Cow,2022-09-16,1,Grains Mix 258,Calf308,ForageItem258,45,48.10,2.20,52.80,7.10,63.30
259,Cow,2022-09-17,0,Grains Mix 259,Calf309,ForageItem259,57,50.80,6.50,36.40,5.40,37.50
260,Cow,2022-09-18,1,Grains Mix 260,Calf310,ForageItem260,5,47.30,1.20,94.80,3.10,98.80
261,Cow,2022-09-19,0,Grains Mix 261,Calf311,ForageItem261,27,49.70,5.70,13.80,2.80,61.10
262,Cow,2022-09-20,1,Grains Mix 262,Calf312,ForageItem262,29,12.90,7.70,62.20,5.60,81.10
263,Cow,2022-09-21,0,Grains Mix 263,Calf313,ForageItem263,43,4.90,6.20,53.40,9.20,48.20
264,Cow,2022-09-22,1,Grains Mix 264,Calf314,ForageItem264,53,49.30,6.50,14.30,3.60,51.50
265,Cow,2022-09-23,0,Grains Mix 265,Calf315,ForageItem265,100,63.10,1.30,46.10,1.40,19.10
266,Cow,2022-09-24,1,Grains Mix 266,Calf316,ForageItem266,61,71.30,6.90,90.30,4.00,86.70
267,Cow,2022-09-25,0,Grains Mix 267,Calf317,ForageItem267,92,80.50,3.30,33.30,5.30,11.60
268,Cow,2022-09-26,1,Grains Mix 268,Calf318,ForageItem268,62,39.30,2.80,34.10,6.70,78.80
269,Cow,2022-09-27,0,Grains Mix 269,Calf319,ForageItem269,14,92.40,8.70,70.30,7.00,25.80
270,Cow,2022-09-28,1,Grains Mix 270,Calf320,ForageItem270,35,97.40,7.00,38.90,5.10,52.60
271,Sheep,2022-09-28,1,Grains Mix 271,Calf321,ForageItem271,36,73.10,7.00,38.90,5.10,52.60
272,Sheep,2022-09-29,0,Grains Mix 272,Calf322,ForageItem272,7,5.30,4.50,14.80,5.80,59.10
273,Cow,2022-09-30,1,Grains Mix 273,Calf323,ForageItem273,96,78.40,5.90,58.30,9.80,56.30
274,Sheep,2022-10-01,0,Grains Mix 274,Calf324,ForageItem274,35,39.70,6.90,63.00,9.10,34.80
275,Cow,2022-10-03,1,Grains Mix 275,Calf325,ForageItem275,7,24.10,5.20,68.90,4.40,15.30
276,Buffalo,2022-10-04,0,Grains Mix 276,Calf326,ForageItem276,13,67.20,1.60,40.90,9.50,34.80
277,Buffalo,2022-10-05,1,Grains Mix 277,Calf327,ForageItem277,95,62.10,7.70,33.40,7.60,22.60
278,Bull,2022-10-06,0,Grains Mix 278,Calf328,ForageItem278,85,46.30,8.90,98.00,10.00,68.20
279,Bull,2022-10-07,1,Grains Mix 279,Calf329,ForageItem279,88,8.00,6.40,53.20,6.90,83.60
280,Bull,2022-10-08,0,Grains Mix 280,Calf330,ForageItem280,16,74.50,0.20,30.80,2.80,61.70
281,Bull,2022-10-09,1,Grains Mix 281,Calf331,ForageItem281,35,40.00,9.50,84.30,7.50,57.40
282,Bull,2022-10-10,0,Grains Mix 282,Calf332,ForageItem282,91,42.00,8.60,31.70,4.90,98.00
283,Bull,2022-10-11,1,Grains Mix 283,Calf333,ForageItem283,2,71.20,4.90,51.40,1.40,22.10
284,Bull,2022-10-12,0,Grains Mix 284,Calf334,ForageItem284,91,59.80,3.50,38.90,1.30,53.70
285,Bull,2022-10-13,1,Grains Mix 285,Calf335,ForageItem285,79,99.60,8.80,96.90,6.00,36.70
286,Bull,2022-10-14,0,Grains Mix 286,Calf336,ForageItem286,35,22.40,3.20,15.00,2.90,60.80
287,Bull,2022-10-15,1,Grains Mix 287,Calf337,ForageItem287,47,18.50,7.20,37.60,8.20,99.00
288,Bull,2022-10-16,0,Grains Mix 288,Calf338,ForageItem288,57,68.50,7.60,28.60,8.30,70.40
289,Bull,2022-10-17,1,Grains Mix 289,Calf339,ForageItem289,39,9.70,5.40,92.20,6.30,26.30
290,Bull,2022-10-18,0,Grains Mix 290,Calf340,ForageItem290,38,98.00,2.00,88.00,9.70,65.70
291,Bull,2022-10-19,1,Grains Mix 291,Calf341,ForageItem291,97,77.10,6.00,68.70,5.80,53.20
292,Bull,2022-10-20,0,Grains Mix 292,Calf342,ForageItem292,61,8.70,2.20,27.90,2.10,88.90
293,Bull,2022-10-21,1,Grains Mix 293,Calf343,ForageItem293,59,85.00,10.00,62.10,6.10,73.70
294,Bull,2022-10-22,0,Grains Mix 294,Calf344,ForageItem294,15,30.70,4.00,38.10,7.20,99.80
295,Bull,2022-10-23,1,Grains Mix 295,Calf345,ForageItem295,84,49.70,1.20,26.80,1.20,84.50
296,Bull,2022-10-24,0,Grains Mix 296,Calf346,ForageItem296,56,91.40,6.40,47.40,9.10,34.00
297,Bull,2022-10-25,1,Grains Mix 297,Calf347,ForageItem297,2,59.80,1.40,43.50,9.10,98.50
298,Bull,2022-10-26,0,Grains Mix 298,Calf348,ForageItem298,26,53.70,1.80,31.30,6.40,30.70
299,Bull,2022-10-27,1,Grains Mix 299,Calf349,ForageItem299,13,26.20,4.40,91.20,9.40,21.50
300,Bull,2022-10-28,0,Grains Mix 300,Calf350,ForageItem300,14,30.70,3.50,38.70,6.10,19.90
442,Tiger,2023-02-01,0,Grains Mix 1,Sheep102,ForageItem202,5,19.20,150.50,500.75,250.25,250.50
